1	One World Trade Center	One World Trade Center cropped2.jpg	1,776 (541)	104	2014	285 Fulton Street	40°42′46.8″N 74°0′48.6″W	Tallest building in the Western Hemisphere by architectural height. Tallest building in New York City and the United States. 6th-tallest building in the world. Roof height is 1,368 feet (417 m), the same as the original World Trade Center. Footprint of the building is 200 by 200 feet (61 by 61 m), the same as the Twin Towers.
BIN	1088469
DOITT ID	1114961
SOURCE ID	21510003972

2	432 Park Avenue	432ParkNov2017.jpg	1,396 (426)	96	2015	432 Park Avenue	40°45′41″N 73°58′18.5″W	Second tallest building in NYC, tallest residential building in the world; 22nd-tallest building in the world; 3rd-tallest building in the United States.[20][21]
BIN	1088817
DOITT ID	1119374
SOURCE ID	12210022482

4	Empire State Building	Empire State Building by David Shankbone crop.jpg	1,250 (381)	103	1931	350 Fifth Avenue	40°44′54.36″N 73°59′08.36″W	42nd-tallest building in the world, 6th-tallest in the United States; first building in the world to contain over 100 floors. Built in just 14 months during the Great Depression, it was the world's tallest building from its completion in 1931 until the World Trade Center was completed in 1972, and was again New York City's tallest building after the World Trade Center was destroyed in the terrorist attacks of September 11, 2001, until 2013, when it was surpassed by One World Trade Center.[5][25]
BIN	1015862
DOITT ID	778052
SOURCE ID	12210009096

5	Bank of America Tower	Bank of America - new york.jpg	1,200 (366)	54	2009	1101 Sixth Avenue	40°45′19″N 73°59′03″W	45th-tallest building in the world, 6th-tallest in the United States; first skyscraper to receive a Platinum LEED certification.[6][26] Roof height is 953.5 feet (290.6 m).
BIN	1087268
DOITT ID	1213537
SOURCE ID	12210017046

8	Chrysler Building	Chrysler Building by David Shankbone Retouched.jpg	1,046 (319)	77	1930	405 Lexington Avenue	40°45′6.12″N 73°58′31.08″W	Tied for 13th-tallest in the United States; first building in the world to rise higher than 1,000 feet (305 m); stood as the tallest building in the world from 1930 until 1931 when it was surpassed by the Empire State Building; tallest steel-framed brick building in the world. At its completion overtook the Eiffel Tower as the world's tallest man-made structure. Was the tallest building in New York City before being surpassed by the Empire State Building.[31][32]
BIN	1036156
DOITT ID	464793
SOURCE ID	12210010508

9	The New York Times Building	New York Times Building.jpg	1,046 (319)	52	2007	620 Eighth Avenue	40°45′23″N 73°59′24″W	Tied for 13th-tallest in the United States. Also known as the Times Tower. The first high-rise building in the United States to have a ceramic sunscreen curtain wall.[33][34]
BIN	1087186
DOITT ID	996686
SOURCE ID	12210009818

11	One57	One57 from Columbus Circle, May 2014.png	1,004 (306)	75	2014	157 West 57th Street	40°45′55″N 73°58′45″W	Tallest mixed-use (residential and hotel) skyscraper in the city, 107th-tallest building in the world[37][38] Tallest mid-block building in the city.[citation needed]
BIN	1088565
DOITT ID	1256209
SOURCE ID	12210022082

15	70 Pine Street	American International Building3.JPG	952 (290)	66	1932	70 Pine Street	40°42′23″N 74°00′28″W	25th-tallest building in the United States; formerly known as the American International Building and the Cities Service Building[43][44] 70 Pine was transformed into a residential skyscraper with 644 rental residences, 132 hotel rooms and 35,000 square feet of retail space, opening in 2015.[45] It stood as the tallest building in Lower Manhattan from the time of its completion until the construction of the original World Trade Center towers in the 1970s, then regained that status after 9/11, holding it until the construction of the new One World Trade Center building.
BIN	1001007
DOITT ID	671705
SOURCE ID	21210002661

17	40 Wall Street	40 Wall Street.jpg	927 (283)	70	1930	40 Wall Street	40°42′25″N 74°00′35″W	30th-tallest in the United States; was world's tallest building for less than two months in 1930; formerly known as the Bank of Manhattan Trust Building; currently known as the Trump Building, a more permanent name is 40 Wall Street. Was the Tallest building in New York City before being surpassed by the Chrysler Building.[48][49] Was the tallest mid-block building in the city from 1930 until the completion of One57 in 2014.
BIN	1001018
DOITT ID	77845
SOURCE ID	21210001048

18	Citigroup Center	Citicorp.JPG	915 (279)	59	1977	601 Lexington Avenue	40°45′31″N 73°58′13″W	Formerly Citicorp Center and now known as 601 Lexington Avenue[50][51]
BIN	1036474
DOITT ID	275071
SOURCE ID	12210012862

21	8 Spruce Street	Beekman Tower fr BB jeh.jpg	870 (265)	76	2011	8 Spruce Street	40°42′39″N 74°00′20″W	Also known as Beekman Tower and New York by Gehry
BIN	1087485
DOITT ID	1109927
SOURCE ID	21210001849

22	Trump World Tower	Trumpworldtower 23may2005.jpg	861 (262)	72	2001	845 United Nations Plaza	40°45′08″N 73°58′04″W	Fourth-tallest all-residential building in the city; tallest residential building in the world from 2000 until 2003.[55][56]
BIN	1038909
DOITT ID	913221
SOURCE ID	12210005950

23	30 Rockefeller Plaza	GE Building by David Shankbone cropped.JPG	850 (260)	70	1933	30 Rockefeller Plaza	40°45′32″N 73°58′44″W	Also known as the Comcast Building, formerly known as the GE Building, and the RCA Building before that; colloquially referred to as "30 Rock" for its address, houses NBC Studios and the Top of the Rock observation deck.
BIN	1076262
DOITT ID	923506
SOURCE ID	12210010036

26	CitySpire Center	Cityspire Metro Carnegie tower 55 jeh ShiftNcut.jpg	814 (248)	75	1987	150-156 West 56th Street	40°45′52″N 73°58′47″W	[62][63][64]
BIN	1076177
DOITT ID	73431
SOURCE ID	12210012581

27	28 Liberty Street	One Chase Manhattan Plaza 1.jpg	813 (248)	60	1961	28 Liberty Street	40°42′28″N 74°00′32″W	Known until sale in 2015 as One Chase Manhattan Plaza[65][66]
BIN	1001021
DOITT ID	178750
SOURCE ID	21210003714

28	4 Times Square	4timessquare 23may2005.JPG	809 (247)	48	1999	1472 Broadway	40°45′21″N 73°59′09″W	Height is 809 feet to mast structure. Roof height is 701 feet. Antenna height is 1118 feet. Formerly known as the Condé Nast Building[67][68]
BIN	1085682
DOITT ID	895105
SOURCE ID	12210011885

29	MetLife Building	Walter Gropius photo MetLife Building fassade New York USA 2005-10-03 cropped.jpg	808 (246)	59	1963	20 Park Avenue	40°45′12″N 73°58′36″W	Formerly known as the Pan Am Building[69][70]
BIN	1085630
DOITT ID	131128
SOURCE ID	12210003357

30	731 Lexington Avenue	Bloomberg tower.jpg	806 (246)	54	2005	731 Lexington Avenue	40°45′43″N 73°58′05″W	It houses the headquarters of Bloomberg L.P. and as a result, is sometimes referred to informally as Bloomberg Tower.[71][72]
BIN	1086160
DOITT ID	996721
SOURCE ID	12210006504

33	Woolworth Building	Woolworth bldg nov2005c.jpg	792 (241)	57	1913	233 Broadway	40°42′44″N 74°00′29″W	Tallest building in the world from 1913 until 1930. Was the tallest building in New York City before being surpassed by 40 Wall Street.[76][77]
BIN	1087167
DOITT ID	401853
SOURCE ID	21210000739

35=	One Worldwide Plaza	Wwp50roof.JPG	778 (237)	50	1989	825 8th Avenue	40°45′45″N 73°59′16″W	Commercial office tower on Eighth Avenue[80][81]
BIN	1076203
DOITT ID	565975
SOURCE ID	12210010064

40	Carnegie Hall Tower	Carnegie Hall Tower.JPG	757 (231)	60	1991	152 57th Street	40°45′53″N 73°58′47″W	[94][95]
BIN	1084455
DOITT ID	191793
SOURCE ID	12210012184

41	383 Madison Avenue	BearStearns.JPG	755 (230)	47	2001	383 Madison Avenue	40°45′20″N 73°58′37″W	Formerly known as Bear Stearns World Headquarters[96][97]
BIN	1035404
DOITT ID	945772
SOURCE ID	12210017433

42	1717 Broadway	1717 Broadway Feb 2017.png	754 (230)	68	2013	1717 Broadway	40°45′52″N 73°58′57″W	It houses the Courtyard & Residence Inn Manhattan/Central Park hotel. Tallest hotel in the Western Hemisphere.[98][99][100]
BIN	1024849
DOITT ID	1262648
SOURCE ID	12210022448

43	AXA Equitable Center	AXA Center from GE Building, cropped.jpg	752 (229)	54	1986	787 Seventh Avenue	40°45′42″N 73°58′54″E	Formerly known as the Equitable Building and Equitable Center West[101][102]
BIN	1023157
DOITT ID	589887
SOURCE ID	12210003314

44=	One Penn Plaza	MadisonSquareGarden 2003.JPG	750 (229)	57	1972	250 West 34th Street	40°45′5″N 73°59′35″W	[103][104]
BIN	1014387
DOITT ID	205265
SOURCE ID	12210019175

44=	1251 Avenue of the Americas	1251 Avenue of the Americas.JPG	750 (229)	54	1971	1251 Avenue of the Americas	40°45′36″N 73°58′53″W	Formerly known as the Exxon Building.[105][106]
BIN	1022709
DOITT ID	511182
SOURCE ID	12210015603

46=	Time Warner Center North and South Tower	Time Warner Center May 2010.JPG	750 (228)	55	2004	10 Columbus Circle	40°46′07″N 73°59′00″W	[107][108]
BIN	1026318
DOITT ID	950631
SOURCE ID	12210005483

46=	200 West Street	GoldmanSachsHeadquarters.JPG	750 (228)	44	2010	200 West Street	40°42′53″N 74°00′51″W	Also known as Goldman Sachs World Headquarters.[110][111]
BIN	1087239
DOITT ID	1106472
SOURCE ID	21210000821

49=	60 Wall Street	60 Wall Street building.jpg	745 (227)	55	1989	60 Wall Street	40°42′23″N 74°00′30″W	Also known as Deutsche Bank Building[112][113]
BIN	1001004
DOITT ID	575097
SOURCE ID	21210000862

49=	One Astor Plaza	One Astor Plaza May 2010.JPG	745 (227)	54	1972	1515 Broadway	40°45′29″N 73°59′11″W	[114][115]
BIN	1014387
DOITT ID	205265
SOURCE ID	12210019175

51=	7 World Trade Center	Wtc7-2006-0911.jpg	743 (226)	52	2006	250 Greenwich Street	40°42′48″N 74°00′43″W	[116][117]
BIN	1086510
DOITT ID	996239
SOURCE ID	21210001882

51=	One Liberty Plaza	0013TIARA P1000433.JPG	743 (226)	54	1973	165 Broadway	40°42′35″N 74°00′41″W	Formerly known as the U.S. Steel Building[118][119]
BIN	1001068
DOITT ID	581308
SOURCE ID	21210000623

53	20 Exchange Place	20 Exchange Place Tower 111.JPG	741 (226)	57	1931	20 Exchange Place	40°42′20″N 74°0′35″W	Formerly known as the City Bank-Farmers Trust Building[120][121]
BIN	1000830
DOITT ID	746993
SOURCE ID	21210000488

54	200 Vesey Street	3 World Financial Center.jpg	739 (225)	51	1986	200 Vesey Street	40°42′49″N 74°00′53″W	Formerly known as Three World Financial Center and American Express Tower[122][123]
BIN	1000059
DOITT ID	688830
SOURCE ID	21210003583

56	1540 Broadway	Bertlesman-tower.jpg	733 (223)	42	1990	1540 Broadway	40°45′29″N 73°59′05″W	Also known as Bertelsmann Building.[126][127]
BIN	1076844
DOITT ID	753678
SOURCE ID	12210014076

58	Times Square Tower	TimesSquareTower.jpg	726 (221)	47	2004	7 Times Square	40°45′20″N 73°59′12″W	[130][131]
BIN	1086069
DOITT ID	303329
SOURCE ID	12210011351

59	Metropolitan Tower	Metro Carnegie towers fr W58 jeh.jpg	716 (218)	77	1987	146 West 57th Street	40°45′54″N 73°58′45″W	[132][133]
BIN	1085969
DOITT ID	795904
SOURCE ID	12210019515

62	270 Park Avenue	270 Park Avenue (WTM by official-ly cool 100).jpg	707 (215)	52	1961	270 Park Avenue	40°45′21″N 73°58′31″W	Also known as JPMorgan Chase Tower and formerly the Union Carbide Building.[137][138]In 2018, JPMorgan announced they would demolish the current building on site to make way for a newer building that will be 500 feet (150 m) taller than the existing building. Demolition is expected to begin in early 2019, and the new building will be completed in 2024.[139]
BIN	1035421
DOITT ID	398448
SOURCE ID	12210021696

64	Metropolitan Life Insurance Company Tower	Metropolitan Life Tower April 2008.jpg	700 (213)	50	1909	1 Madison Avenue	40°44′28″N 73°59′14″W	Tallest building in the world from 1909 until 1913. Was the tallest building in New York City before being surpassed by the Woolworth Building.[142][143]
BIN	1016741
DOITT ID	954036
SOURCE ID	12210021668

65	500 Fifth Avenue	500 Fifth Avenue Panorama.jpg	697 (212)	60	1931	500 Fifth Avenue	40°45′14″N 73°58′53″W	[144][145]
BIN	1034199
DOITT ID	709316
SOURCE ID	12210003383

66	Americas Tower	Americas-tower.jpg	691 (211)	50	1992	1177 Avenue of the Americas	40°45′26″N 73°58′58″W	[146][147]
BIN	1076173
DOITT ID	47073
SOURCE ID	12210019482

67=	Solow Building	SolowBuilding.jpg	689 (210)	49	1974	9 West 57th Street	40°45′49″N 73°58′29″W	[148][149]
BIN	1035071
DOITT ID	848000
SOURCE ID	12210005913

67=	Marine Midland Building	WSTM Mark Frank 0086.jpg	688 (210)	52	1967	140 Broadway	40°42′31″N 74°00′36″W	Also known as HSBC Bank Building[150][151]
BIN	1001027
DOITT ID	626894
SOURCE ID	21210000896

69=	55 Water Street	55 Water Street with north wing.JPG	687 (209)	53	1972	55 Water Street	40°42′12″N 74°00′33″W	[152][153]
BIN	1083346
DOITT ID	42796
SOURCE ID	21210001155

69=	277 Park Avenue	277parkave.jpg	687 (209)	50	1962	277 Park Avenue	40°45′20″N 73°58′31″W	[154][155]
BIN	1076268
DOITT ID	580559
SOURCE ID	12210020174

72	Morgan Stanley Building	Morgan-stanley-building.jpg	685 (209)	42	1989	1585 Broadway	40°45′37.39″N 73°59′8.44″W	Also known as 1585 Broadway. It houses the Morgan Stanley World Headquarters[157][158]
BIN	1076193
DOITT ID	540234
SOURCE ID	12210019485

73	Random House Tower	Random-house2.jpg	684 (208)	52	2003	1745 Broadway	40°45′55″N 73°58′57″W	[159][160]
BIN	1086135
DOITT ID	983691
SOURCE ID	12210010531

74	Four Seasons Hotel New York	4 seasons hotel NY 56 jeh.jpg	682 (208)	52	1993	57 East 57th Street	40°45′44″N 73°58′17″W	Tallest all-hotel building in the city[161][162]
BIN	1077862
DOITT ID	122987
SOURCE ID	12210000372

76	1221 Avenue of the Americas	McGraw-Hill Building Rock Center by David Shankbone.jpg	674 (205)	51	1972	1221 Sixth Avenue	40°45′33″N 73°58′54″W	Formerly known as the McGraw-Hill Building.[165][166]
BIN	1022706
DOITT ID	286501
SOURCE ID	12210019486

77=	Lincoln Building	Lincoln Building NYC.jpg	673 (205)	55	1930	60 East 42nd Street	40°45′08″N 73°58′44″W	Also known as One Grand Central Place.[167][168]
BIN	1035335
DOITT ID	704320
SOURCE ID	12210013265

77=	Barclay Tower	WSTM Mark Frank 0076.jpg	673 (205)	56	2007	10 Barclay Street	40°42′43″N 74°00′32″W	[171][172]
BIN	1087947
DOITT ID	1105835
SOURCE ID	21210002009

81=	Paramount Plaza	Paramount-plaza.jpg	670 (204)	48	1971	1633 Broadway	40°45′44″N 73°59′04″W	Formerly the Uris Building.[174][175]
BIN	1024812
DOITT ID	519800
SOURCE ID	12210000518

83	Trump Tower	Trump tower.jpg	664 (202)	58	1983	845 United Nations Plaza	40°45′45″N 73°58′26″W	[179][180]
BIN	1035794
DOITT ID	774854
SOURCE ID	12210009541

84	1 Wall Street	1 Wall Street.jpg	654 (199)	50	1931	1 Wall Street	40°42′26″N 74°00′42″W	It was formerly called Bank of New York Building and Irving Trust Building.[181][182]
BIN	1000815
DOITT ID	153416
SOURCE ID	21210001469

85=	599 Lexington Avenue	599 Lexington Avenue.jpg	653 (199)	50	1986	599 Lexington Avenue	40°45′28″N 73°58′15″W	[187][188]
BIN	1036467
DOITT ID	193735
SOURCE ID	12210008141

88	712 Fifth Avenue	712FifthNYC.jpg	650 (198)	52	1990	712 Fifth Avenue	40°45′44″N 73°58′30″W	[189][190]
BIN	1081133
DOITT ID	825602
SOURCE ID	12210004168

89	Chanin Building	Chanin Building, side up.jpg	649 (198)	56	1929			[191][192]
BIN	1036152
DOITT ID	534814
SOURCE ID	12210008439

90	245 Park Avenue	245parkNYC.jpg	648 (197)	44	1966			[193][194]
BIN	1036205
DOITT ID	740003
SOURCE ID	12210009816

91=	550 Madison Avenue	Sony Building by David Shankbone.jpg	647 (197)	37	1984			Formerly known as the Sony Building and AT&T Building.[195][196]
BIN	1035769
DOITT ID	503412
SOURCE ID	12210003520

93	225 Liberty Street	Two World Financial Center.jpg	645 (197)	44	1987			Formerly called Two World Financial Center.[199][200]
BIN	1000058
DOITT ID	489344
SOURCE ID	21210002034

94	1095 Avenue of the Americas	1095 Avenue of the Americas and Bank of America Tower.jpg	644 (196)	43	1974			Also known as Verizon World Headquarters[201][202]
BIN	1087119
DOITT ID	16489
SOURCE ID	12210022506

95	570 Lexington Avenue	General Electric Building from southeast.jpg	643 (196)	50	1931			Also known as the General Electric Building[203][204]
BIN	1036459
DOITT ID	737469
SOURCE ID	12210004131

96	1 New York Plaza	One New York Plaza.jpg	640 (195)	50	1969			[205][206]
BIN	1000005
DOITT ID	426732
SOURCE ID	21210000601

97	MiMA	YOtel W42 10Av jeh.jpg	638 (194)	55	2011			[207][208]
BIN	1088437
DOITT ID	1158178
SOURCE ID	12210022056

98	One Dag Hammarskjöld Plaza	1-dag.jpg	637 (194)	49	1972			[209][210]
BIN	1037988
DOITT ID	534013
SOURCE ID	12210014439

99	345 Park Avenue	345park.jpg	634 (193)	44	1969			[211][212]
BIN	1036460
DOITT ID	362081
SOURCE ID	12210002612

100=	Mercantile Building	10 E 40th Street NYC.jpg	632 (193)	48	1929			Also known as 10 East 40th Street[213][214]
BIN	1017601
DOITT ID	292236
SOURCE ID	12210005763

100=	The Langham, New York	400 Fifth Ave May 2017.png	632 (193)	57	2010			Also known as 400 Fifth Avenue.[215][216]
BIN	1028670
DOITT ID	796633
SOURCE ID	13210004313

102=	W New York Downtown Hotel and Residences	W New York Downtown in June 2015 (cropped).JPG	630 (192)	57	2010			[217]
BIN	1088442
DOITT ID	1106418
SOURCE ID	21210002216

102=	W. R. Grace Building	W. R. Grace Building, New York, NY 10018, USA - Jan 2013.jpg	630 (192)	50	1971			[218][219]
BIN	1034196
DOITT ID	53917
SOURCE ID	12210019501

102=	Home Insurance Plaza	WSTM-CornFedChicks0080.JPG	630 (192)	45	1966			[220][221]
BIN	1079043
DOITT ID	361912
SOURCE ID	21210000173

102=	101 Park Avenue	101park, Manhattan.jpg	629 (192)	49	1982			[222][223]
BIN	1036144
DOITT ID	531754
SOURCE ID	12210012660

106=	Central Park Place	Central-park-place-Manhattan.jpg	628 (191)	56	1988			[224][225]
BIN	1076205
DOITT ID	355975
SOURCE ID	12210003330

106=	888 7th Avenue	888seventhManhattan.jpg	628 (191)	46	1971			[226][227]
BIN	1024895
DOITT ID	598929
SOURCE ID	12210001197

108=	Waldorf Astoria New York	St Bartholomews and The Waldorf Astoria Hotel.jpg	625 (191)	47	1931			[228][229]
BIN	1084771
DOITT ID	92593
SOURCE ID	12210022420

108=	1345 Avenue of the Americas	Burlington-house-nyc.jpg	625 (191)	50	1969			[230][231]
BIN	1083719
DOITT ID	276447
SOURCE ID	12210010160

110	AVA DoBro	AVADobro1.jpg	624 (190)	58	2015			Also called Avalon Willoughby Square and 100 Willoughby.[232]
BIN	1043902
DOITT ID	620977
SOURCE ID	12210018178

112	One Madison	One Madison, New York City in 2015.JPG	621 (188)	51	2010			[235][236]
BIN	1087769
DOITT ID	1107079
SOURCE ID	12210022170

113	Olympic Tower	Olympic Tower NY by David Shankbone.JPG	620 (189)	51	1976			[237][238]
BIN	1035481
DOITT ID	14834
SOURCE ID	12210010066

114	425 Fifth Avenue	WTM3 NYU FC 2 0073.jpg	618 (188)	55	2003			[239][240]
BIN	1085975
DOITT ID	996670
SOURCE ID	12210020504

115=	919 Third Avenue	919thirdave.jpg	615 (187)	47	1971			[241][242]
BIN	1038577
DOITT ID	641481
SOURCE ID	12210008607

115=	New York Life Building	New York Life Building 2.jpg	615 (187)	40	1928			[243][244]
BIN	1016880
DOITT ID	10767
SOURCE ID	12210019063

115=	750 7th Avenue	750seventh.jpg	615 (187)	40	1989			[245][246]
BIN	1024795
DOITT ID	826265
SOURCE ID	12210008325

115=	The Epic	Theepic.jpg	615 (187)	58	2007			[247][248]
BIN	1087535
DOITT ID	999549
SOURCE ID	12210009649

115=	Tower 49	Tower 49-01.jpg	615 (187)	45	1985			[249][250]
BIN	1035434
DOITT ID	624605
SOURCE ID	12210020809

120	Eventi	Eventi Hotel 851 6th Av jeh.jpg	614 (187)	54	2010			[251]
BIN	1015146
DOITT ID	1240332
SOURCE ID	12210021577

122	Credit Lyonnais Building	Credi- Lyonnais-building.jpg	609 (186)	45	1964			[254][255]
BIN	1023161
DOITT ID	58345
SOURCE ID	12210003292

123	Baccarat Hotel and Residences	Baccarat NYC 16C273.jpg	605 (185)	48	2014			[256]
BIN	1089376
DOITT ID	1260322
SOURCE ID	12210022486

124	The Orion	Team Alaska 0048.jpg	604 (184)	60	2006			[257][258]
BIN	1087264
DOITT ID	911075
SOURCE ID	12210019318

125	590 Madison Avenue	590-madison-avenue.jpg	603 (184)	42	1983			Also known as the IBM Building[259][260]
BIN	1035778
DOITT ID	372340
SOURCE ID	12210015485

127	250 West 55th Street	250 W 55th.jpg	602 (183)	39	2013			[265]
BIN	1089439
DOITT ID	1255908
SOURCE ID	12210022681

128	Eleven Times Square	11 Times Square New York NY 2014 09 02 01.jpg	601 (183)	40	2010			Also known as Times Square Plaza.[266][267]
BIN	1087978
DOITT ID	1105845
SOURCE ID	12210016554

129	1166 Avenue of the Americas	Marsh & McLennan Headquarters at 1166 Avenue of the Americas.jpg	600 (183)	44	1974			[268]
BIN	1071414
DOITT ID	188669
SOURCE ID	12210006953
